{
  "export_info": {
    "timestamp": "2025-09-01T13:47:37.763706",
    "version": "1.0",
    "database_path": "/home/user/webapp/vehicular_system.db",
    "tables_count": 9
  },
  "tables": {
    "vehiculos": {
      "columns": [
        "id",
        "placa",
        "marca",
        "modelo",
        "ano",
        "color",
        "propietario",
        "poliza",
        "seguro",
        "created_at",
        "updated_at",
        "km_inicial"
      ],
      "data": [
        {
          "id": 11,
          "placa": "BNN407",
          "marca": "TOYOTA",
          "modelo": "HIACE",
          "ano": 2017,
          "color": "BLANCO",
          "propietario": "Holding",
          "poliza": null,
          "seguro": "QUALITAS",
          "created_at": "2025-08-25 19:14:55",
          "updated_at": "2025-08-25 19:14:55",
          "km_inicial": 0
        }
      ],
      "record_count": 1
    },
    "sqlite_sequence": {
      "columns": [
        "name",
        "seq"
      ],
      "data": [
        {
          "name": "vehiculos",
          "seq": 11
        },
        {
          "name": "mantenimientos",
          "seq": 9
        },
        {
          "name": "combustible",
          "seq": 10
        },
        {
          "name": "revisiones",
          "seq": 6
        },
        {
          "name": "polizas",
          "seq": 3
        },
        {
          "name": "rtv",
          "seq": 2
        },
        {
          "name": "config_alertas",
          "seq": 5
        },
        {
          "name": "bitacora",
          "seq": 12
        }
      ],
      "record_count": 8
    },
    "mantenimientos": {
      "columns": [
        "id",
        "fecha",
        "placa",
        "tipo",
        "descripcion",
        "costo",
        "kilometraje",
        "created_at",
        "proximo_km",
        "proxima_fecha"
      ],
      "data": [],
      "record_count": 0
    },
    "combustible": {
      "columns": [
        "id",
        "fecha",
        "placa",
        "litros",
        "costo",
        "kilometraje",
        "estacion",
        "created_at"
      ],
      "data": [],
      "record_count": 0
    },
    "revisiones": {
      "columns": [
        "id",
        "fecha",
        "placa",
        "inspector",
        "estado_motor",
        "estado_frenos",
        "estado_luces",
        "estado_llantas",
        "estado_carroceria",
        "observaciones",
        "aprobado",
        "created_at",
        "luces_delanteras",
        "luces_traseras",
        "luces_direccionales",
        "luces_freno",
        "luces_reversa",
        "espejos_laterales",
        "espejo_retrovisor",
        "limpiaparabrisas",
        "cinturones",
        "bocina",
        "nivel_combustible",
        "kilometraje"
      ],
      "data": [],
      "record_count": 0
    },
    "polizas": {
      "columns": [
        "id",
        "numero_poliza",
        "placa",
        "aseguradora",
        "fecha_inicio",
        "fecha_vencimiento",
        "tipo_cobertura",
        "estado",
        "created_at"
      ],
      "data": [],
      "record_count": 0
    },
    "rtv": {
      "columns": [
        "id",
        "numero_cita",
        "placa",
        "fecha_vencimiento",
        "estado",
        "observaciones",
        "created_at"
      ],
      "data": [],
      "record_count": 0
    },
    "bitacora": {
      "columns": [
        "id",
        "placa",
        "chofer",
        "fecha_salida",
        "km_salida",
        "nivel_combustible_salida",
        "estado_vehiculo_salida",
        "fecha_retorno",
        "km_retorno",
        "nivel_combustible_retorno",
        "estado_vehiculo_retorno",
        "observaciones",
        "estado",
        "created_at"
      ],
      "data": [
        {
          "id": 6,
          "placa": "AB 844",
          "chofer": "Gabriel",
          "fecha_salida": "2025-08-25T17:15:08.365912",
          "km_salida": 5010,
          "nivel_combustible_salida": "vacio",
          "estado_vehiculo_salida": "excelente",
          "fecha_retorno": "2025-08-25T17:15:56.803540",
          "km_retorno": 5011,
          "nivel_combustible_retorno": "vacio",
          "estado_vehiculo_retorno": "excelente",
          "observaciones": "",
          "estado": "completado",
          "created_at": "2025-08-25 17:15:08"
        },
        {
          "id": 9,
          "placa": "BLC725",
          "chofer": "Test Driver 3",
          "fecha_salida": "2025-08-25T17:27:02.266775",
          "km_salida": 50053,
          "nivel_combustible_salida": "1/2",
          "estado_vehiculo_salida": "bueno",
          "fecha_retorno": null,
          "km_retorno": null,
          "nivel_combustible_retorno": null,
          "estado_vehiculo_retorno": null,
          "observaciones": "Prueba 2 km diferencia",
          "estado": "en_curso",
          "created_at": "2025-08-25 17:27:02"
        }
      ],
      "record_count": 2
    },
    "config_alertas": {
      "columns": [
        "id",
        "email_destino",
        "alertas_mantenimiento",
        "alertas_polizas",
        "alertas_rtv",
        "alertas_revisiones",
        "alertas_combustible",
        "alertas_bitacora",
        "dias_anticipacion_polizas",
        "dias_anticipacion_rtv",
        "dias_anticipacion_mantenimiento",
        "km_diferencia_alerta",
        "activo",
        "created_at",
        "updated_at"
      ],
      "data": [
        {
          "id": 1,
          "email_destino": "admin@arenalmanoa.com",
          "alertas_mantenimiento": 1,
          "alertas_polizas": 1,
          "alertas_rtv": 1,
          "alertas_revisiones": 1,
          "alertas_combustible": 1,
          "alertas_bitacora": 1,
          "dias_anticipacion_polizas": 15,
          "dias_anticipacion_rtv": 20,
          "dias_anticipacion_mantenimiento": 10,
          "km_diferencia_alerta": 5,
          "activo": 0,
          "created_at": "2025-08-25 13:49:21",
          "updated_at": "2025-08-25 13:49:21"
        },
        {
          "id": 2,
          "email_destino": "contabilidad2@arenalmanoa.com",
          "alertas_mantenimiento": 1,
          "alertas_polizas": 1,
          "alertas_rtv": 1,
          "alertas_revisiones": 1,
          "alertas_combustible": 1,
          "alertas_bitacora": 1,
          "dias_anticipacion_polizas": 15,
          "dias_anticipacion_rtv": 20,
          "dias_anticipacion_mantenimiento": 10,
          "km_diferencia_alerta": 2,
          "activo": 0,
          "created_at": "2025-08-25 14:43:50",
          "updated_at": "2025-08-25 14:43:50"
        },
        {
          "id": 3,
          "email_destino": "contabilidad2@arenalmanoa.com",
          "alertas_mantenimiento": 1,
          "alertas_polizas": 1,
          "alertas_rtv": 1,
          "alertas_revisiones": 1,
          "alertas_combustible": 1,
          "alertas_bitacora": 1,
          "dias_anticipacion_polizas": 15,
          "dias_anticipacion_rtv": 20,
          "dias_anticipacion_mantenimiento": 10,
          "km_diferencia_alerta": 1,
          "activo": 0,
          "created_at": "2025-08-25 14:43:56",
          "updated_at": "2025-08-25 14:43:56"
        },
        {
          "id": 4,
          "email_destino": "contabilidad2@arenalmanoa.com",
          "alertas_mantenimiento": 1,
          "alertas_polizas": 1,
          "alertas_rtv": 1,
          "alertas_revisiones": 1,
          "alertas_combustible": 1,
          "alertas_bitacora": 1,
          "dias_anticipacion_polizas": 15,
          "dias_anticipacion_rtv": 20,
          "dias_anticipacion_mantenimiento": 10,
          "km_diferencia_alerta": 1,
          "activo": 0,
          "created_at": "2025-08-25 15:37:13",
          "updated_at": "2025-08-25 15:37:13"
        },
        {
          "id": 5,
          "email_destino": "contabilidad2@arenalmanoa.com",
          "alertas_mantenimiento": 1,
          "alertas_polizas": 1,
          "alertas_rtv": 1,
          "alertas_revisiones": 1,
          "alertas_combustible": 1,
          "alertas_bitacora": 1,
          "dias_anticipacion_polizas": 15,
          "dias_anticipacion_rtv": 20,
          "dias_anticipacion_mantenimiento": 10,
          "km_diferencia_alerta": 1,
          "activo": 1,
          "created_at": "2025-08-25 17:15:31",
          "updated_at": "2025-08-25 17:15:31"
        }
      ],
      "record_count": 5
    }
  }
}