id,tipo_alerta,vehiculo_placa,destinatario_email,asunto,mensaje,estado,created_at
1,Mantenimiento Vencido,C173325,contabilidad2@arenalmanoa.com,🚨 Mantenimiento Vencido - Vehículo C173325,El vehículo C173325 tiene mantenimiento vencido desde hace 5 días,enviado,2025-09-02 15:52:47
2,Póliza Próxima a Vencer,B456789,contabilidad2@arenalmanoa.com,⚠️ Póliza de Seguro - Vence en 15 días,La póliza del vehículo B456789 vencerá el 20 de septiembre,enviado,2025-09-02 15:52:53
3,RTV Próximo a Vencer,A123456,contabilidad2@arenalmanoa.com,📋 Revisión Técnica Vehicular Próxima,El RTV del vehículo A123456 vence en 10 días,enviado,2025-09-02 15:52:53
4,Kilometraje Anómalo,C173325,contabilidad2@arenalmanoa.com,⚠️ ALERTA: Inconsistencia de Kilometraje - Vehículo C173325,Diferencia detectada: 2 km entre 74748 km y 74750 km,enviado,2025-09-02 16:01:17
5,Kilometraje Anómalo,CL299881,contabilidad2@arenalmanoa.com,⚠️ ALERTA: Inconsistencia de Kilometraje - Vehículo CL299881,Diferencia detectada: 5 km entre 4151 km y 4156 km,enviado,2025-09-17 01:37:22
6,Kilometraje Anómalo,AB8573,contabilidad2@arenalmanoa.com,⚠️ ALERTA: Inconsistencia de Kilometraje - Vehículo AB8573,Diferencia detectada: 14 km entre 57545 km y 57559 km,enviado,2025-09-18 17:09:54
7,Kilometraje Anómalo,CL348421,contabilidad2@arenalmanoa.com,⚠️ ALERTA: Inconsistencia de Kilometraje - Vehículo CL348421,Diferencia detectada: 18 km entre 26190 km y 26208 km,enviado,2025-09-18 18:51:18
8,Kilometraje Anómalo,AB8455,contabilidad2@arenalmanoa.com,⚠️ ALERTA: Inconsistencia de Kilometraje - Vehículo AB8455,Diferencia detectada: 112 km entre 49190 km y 49302 km,enviado,2025-09-22 21:02:54
9,Kilometraje Anómalo,AB8573,contabilidad2@arenalmanoa.com,⚠️ ALERTA: Inconsistencia de Kilometraje - Vehículo AB8573,Diferencia detectada: 148 km entre 57578 km y 57726 km,enviado,2025-09-23 00:03:53
10,Kilometraje Anómalo,BLC791,contabilidad2@arenalmanoa.com,⚠️ ALERTA: Inconsistencia de Kilometraje - Vehículo BLC791,Diferencia detectada: 206 km entre 73794 km y 74000 km,enviado,2025-09-23 19:49:34
11,Kilometraje Anómalo,AB8164,contabilidad2@arenalmanoa.com,⚠️ ALERTA: Inconsistencia de Kilometraje - Vehículo AB8164,Diferencia detectada: 19 km entre 192192 km y 192211 km,enviado,2025-09-26 00:27:14
12,Kilometraje Anómalo,BLC791,contabilidad2@arenalmanoa.com,⚠️ ALERTA: Inconsistencia de Kilometraje - Vehículo BLC791,Diferencia detectada: 111 km entre 74023 km y 74134 km,enviado,2025-09-26 18:43:36
13,Kilometraje Anómalo,CL348421,contabilidad2@arenalmanoa.com,⚠️ ALERTA: Inconsistencia de Kilometraje - Vehículo CL348421,Diferencia detectada: 311 km entre 26227 km y 26538 km,enviado,2025-09-26 22:49:39
14,Kilometraje Anómalo,CL348421,contabilidad2@arenalmanoa.com,⚠️ ALERTA: Inconsistencia de Kilometraje - Vehículo CL348421,Diferencia detectada: 331 km entre 26227 km y 26558 km,enviado,2025-09-27 03:55:06
15,Kilometraje Anómalo,CL299881,contabilidad2@arenalmanoa.com,⚠️ ALERTA: Inconsistencia de Kilometraje - Vehículo CL299881,Diferencia detectada: 322 km entre 137802 km y 138124 km,enviado,2025-09-27 21:33:12
16,Kilometraje Anómalo,CL299881,contabilidad2@arenalmanoa.com,⚠️ ALERTA: Inconsistencia de Kilometraje - Vehículo CL299881,Diferencia detectada: 322 km entre 137802 km y 138124 km,enviado,2025-09-27 21:48:12
17,Kilometraje Anómalo,CL299881,contabilidad2@arenalmanoa.com,⚠️ ALERTA: Inconsistencia de Kilometraje - Vehículo CL299881,Diferencia detectada: 19 km entre 138127 km y 138146 km,enviado,2025-09-29 15:32:04
18,Kilometraje Anómalo,BLC791,contabilidad2@arenalmanoa.com,⚠️ ALERTA: Inconsistencia de Kilometraje - Vehículo BLC791,Diferencia detectada: 4 km entre 74194 km y 74190 km,enviado,2025-09-29 20:55:31
19,Kilometraje Anómalo,BLC791,contabilidad2@arenalmanoa.com,⚠️ ALERTA: Inconsistencia de Kilometraje - Vehículo BLC791,Diferencia detectada: 4 km entre 74194 km y 74198 km,enviado,2025-09-29 22:46:36
20,Kilometraje Anómalo,C173325,contabilidad2@arenalmanoa.com,⚠️ ALERTA: Inconsistencia de Kilometraje - Vehículo C173325,Diferencia detectada: 194 km entre 75700 km y 75894 km,enviado,2025-09-30 00:49:19
21,Kilometraje Anómalo,C173325,contabilidad2@arenalmanoa.com,⚠️ ALERTA: Inconsistencia de Kilometraje - Vehículo C173325,Diferencia detectada: 14 km entre 76159 km y 76173 km,enviado,2025-10-01 09:13:59
22,Kilometraje Anómalo,CL348421,contabilidad2@arenalmanoa.com,⚠️ ALERTA: Inconsistencia de Kilometraje - Vehículo CL348421,Diferencia detectada: 27 km entre 26745 km y 26772 km,enviado,2025-10-01 19:55:42
23,Kilometraje Anómalo,BLC791,contabilidad2@arenalmanoa.com,⚠️ ALERTA: Inconsistencia de Kilometraje - Vehículo BLC791,Diferencia detectada: 4 km entre 74214 km y 74218 km,enviado,2025-10-01 21:15:07
24,Kilometraje Anómalo,CL299881,contabilidad2@arenalmanoa.com,⚠️ ALERTA: Inconsistencia de Kilometraje - Vehículo CL299881,Diferencia detectada: 102 km entre 138161 km y 138263 km,enviado,2025-10-02 14:52:32
25,Kilometraje Anómalo,BNN407,contabilidad2@arenalmanoa.com,⚠️ ALERTA: Inconsistencia de Kilometraje - Vehículo BNN407,Diferencia detectada: 201 km entre 149282 km y 149483 km,enviado,2025-10-02 17:17:49
26,Kilometraje Anómalo,CL299881,contabilidad2@arenalmanoa.com,⚠️ ALERTA: Inconsistencia de Kilometraje - Vehículo CL299881,Diferencia detectada: 4 km entre 138286 km y 138290 km,enviado,2025-10-03 14:22:05
27,Kilometraje Anómalo,BGK039,contabilidad2@arenalmanoa.com,⚠️ ALERTA: Inconsistencia de Kilometraje - Vehículo BGK039,Diferencia detectada: 447 km entre 115153 km y 115600 km,enviado,2025-10-03 21:30:44
28,Kilometraje Anómalo,BNN407,contabilidad2@arenalmanoa.com,⚠️ ALERTA: Inconsistencia de Kilometraje - Vehículo BNN407,Diferencia detectada: 4 km entre 149551 km y 149555 km,enviado,2025-10-04 16:39:17
29,Kilometraje Anómalo,AB8164,contabilidad2@arenalmanoa.com,⚠️ ALERTA: Inconsistencia de Kilometraje - Vehículo AB8164,Diferencia detectada: 4 km entre 192300 km y 192296 km,enviado,2025-10-04 17:50:05
30,Kilometraje Anómalo,BNN407,contabilidad2@arenalmanoa.com,⚠️ ALERTA: Inconsistencia de Kilometraje - Vehículo BNN407,Diferencia detectada: 9 km entre 149575 km y 149584 km,enviado,2025-10-04 21:14:50
31,Kilometraje Anómalo,BGK039,contabilidad2@arenalmanoa.com,⚠️ ALERTA: Inconsistencia de Kilometraje - Vehículo BGK039,Diferencia detectada: 69 km entre 115635 km y 115704 km,enviado,2025-10-05 13:40:50
32,Kilometraje Anómalo,CL348421,contabilidad2@arenalmanoa.com,⚠️ ALERTA: Inconsistencia de Kilometraje - Vehículo CL348421,Diferencia detectada: 3 km entre 26914 km y 26917 km,enviado,2025-10-05 14:03:11
33,Kilometraje Anómalo,CL215121,contabilidad2@arenalmanoa.com,⚠️ ALERTA: Inconsistencia de Kilometraje - Vehículo CL215121,Diferencia detectada: 5 km entre 185205 km y 185210 km,enviado,2025-10-06 13:47:26
34,Kilometraje Anómalo,BNN407,contabilidad2@arenalmanoa.com,⚠️ ALERTA: Inconsistencia de Kilometraje - Vehículo BNN407,Diferencia detectada: 20 km entre 149617 km y 149637 km,enviado,2025-10-06 15:06:56
35,Kilometraje Anómalo,AB8455,contabilidad2@arenalmanoa.com,⚠️ ALERTA: Inconsistencia de Kilometraje - Vehículo AB8455,Diferencia detectada: 44400 km entre 49331 km y 4931 km,enviado,2025-10-06 17:11:19
36,Kilometraje Anómalo,C173325,contabilidad2@arenalmanoa.com,⚠️ ALERTA: Inconsistencia de Kilometraje - Vehículo C173325,Diferencia detectada: 3 km entre 76711 km y 76714 km,enviado,2025-10-06 22:19:46
37,Kilometraje Anómalo,AB8455,contabilidad2@arenalmanoa.com,⚠️ ALERTA: Inconsistencia de Kilometraje - Vehículo AB8455,Diferencia detectada: 2 km entre 49951 km y 49953 km,enviado,2025-10-07 12:39:20
38,Kilometraje Anómalo,BGK039,contabilidad2@arenalmanoa.com,⚠️ ALERTA: Inconsistencia de Kilometraje - Vehículo BGK039,Diferencia detectada: 12 km entre 115742 km y 115754 km,enviado,2025-10-07 13:44:50
39,Kilometraje Anómalo,BLC791,contabilidad2@arenalmanoa.com,⚠️ ALERTA: Inconsistencia de Kilometraje - Vehículo BLC791,Diferencia detectada: 5 km entre 74231 km y 74236 km,enviado,2025-10-07 22:06:18
40,Kilometraje Anómalo,CL299881,contabilidad2@arenalmanoa.com,⚠️ ALERTA: Inconsistencia de Kilometraje - Vehículo CL299881,Diferencia detectada: 2 km entre 138427 km y 138429 km,enviado,2025-10-08 12:12:29
41,Kilometraje Anómalo,CL299881,contabilidad2@arenalmanoa.com,⚠️ ALERTA: Inconsistencia de Kilometraje - Vehículo CL299881,Diferencia detectada: 2 km entre 138429 km y 138431 km,enviado,2025-10-08 13:42:27
42,Kilometraje Anómalo,CL299881,contabilidad2@arenalmanoa.com,⚠️ ALERTA: Inconsistencia de Kilometraje - Vehículo CL299881,Diferencia detectada: 9 km entre 138450 km y 138459 km,enviado,2025-10-09 04:06:44
43,Kilometraje Anómalo,C173325,contabilidad2@arenalmanoa.com,⚠️ ALERTA: Inconsistencia de Kilometraje - Vehículo C173325,Diferencia detectada: 60 km entre 76980 km y 76920 km,enviado,2025-10-09 14:54:49
44,Kilometraje Anómalo,BLC791,contabilidad2@arenalmanoa.com,⚠️ ALERTA: Inconsistencia de Kilometraje - Vehículo BLC791,Diferencia detectada: 30 km entre 74245 km y 74275 km,enviado,2025-10-09 15:17:26
45,Kilometraje Anómalo,CL215121,contabilidad2@arenalmanoa.com,⚠️ ALERTA: Inconsistencia de Kilometraje - Vehículo CL215121,Diferencia detectada: 7 km entre 185341 km y 185348 km,enviado,2025-10-10 14:07:35
46,Kilometraje Anómalo,CL348421,contabilidad2@arenalmanoa.com,⚠️ ALERTA: Inconsistencia de Kilometraje - Vehículo CL348421,Diferencia detectada: 2 km entre 27186 km y 27188 km,enviado,2025-10-10 22:16:28
47,Kilometraje Anómalo,CL348421,contabilidad2@arenalmanoa.com,⚠️ ALERTA: Inconsistencia de Kilometraje - Vehículo CL348421,Diferencia detectada: 2 km entre 27199 km y 27201 km,enviado,2025-10-11 11:52:20
48,Kilometraje Anómalo,BGK039,contabilidad2@arenalmanoa.com,⚠️ ALERTA: Inconsistencia de Kilometraje - Vehículo BGK039,Diferencia detectada: 24 km entre 115881 km y 115905 km,enviado,2025-10-11 13:31:20
49,Kilometraje Anómalo,CL348421,contabilidad2@arenalmanoa.com,⚠️ ALERTA: Inconsistencia de Kilometraje - Vehículo CL348421,Diferencia detectada: 500 km entre 27759 km y 27259 km,enviado,2025-10-12 21:51:28
50,Kilometraje Anómalo,BLC791,contabilidad2@arenalmanoa.com,⚠️ ALERTA: Inconsistencia de Kilometraje - Vehículo BLC791,Diferencia detectada: 4 km entre 74293 km y 74297 km,enviado,2025-10-13 15:08:38
51,Kilometraje Anómalo,CL292737,contabilidad2@arenalmanoa.com,⚠️ ALERTA: Inconsistencia de Kilometraje - Vehículo CL292737,Diferencia detectada: 170 km entre 137267 km y 137437 km,enviado,2025-10-13 20:36:40
52,Kilometraje Anómalo,CL348421,contabilidad2@arenalmanoa.com,⚠️ ALERTA: Inconsistencia de Kilometraje - Vehículo CL348421,Diferencia detectada: 245703 km entre 27299 km y 273002 km,enviado,2025-10-14 12:50:50
53,Kilometraje Anómalo,CL215121,contabilidad2@arenalmanoa.com,⚠️ ALERTA: Inconsistencia de Kilometraje - Vehículo CL215121,Diferencia detectada: 7 km entre 185357 km y 185350 km,enviado,2025-10-14 14:20:47
54,Kilometraje Anómalo,CL348421,contabilidad2@arenalmanoa.com,⚠️ ALERTA: Inconsistencia de Kilometraje - Vehículo CL348421,Diferencia detectada: 4000 km entre 27343 km y 23343 km,enviado,2025-10-15 11:57:19
55,Kilometraje Anómalo,AGV 4053,contabilidad2@arenalmanoa.com,⚠️ ALERTA: Inconsistencia de Kilometraje - Vehículo AGV 4053,Diferencia detectada: 137171 km entre 367 km y 137538 km,enviado,2025-10-15 22:06:37
56,Kilometraje Anómalo,CL299881,contabilidad2@arenalmanoa.com,⚠️ ALERTA: Inconsistencia de Kilometraje - Vehículo CL299881,Diferencia detectada: 100 km entre 138692 km y 138592 km,enviado,2025-10-16 01:52:35
57,Kilometraje Anómalo,BGK039,contabilidad2@arenalmanoa.com,⚠️ ALERTA: Inconsistencia de Kilometraje - Vehículo BGK039,Diferencia detectada: 22 km entre 115964 km y 115986 km,enviado,2025-10-16 13:42:23
58,Kilometraje Anómalo,BLC791,contabilidad2@arenalmanoa.com,⚠️ ALERTA: Inconsistencia de Kilometraje - Vehículo BLC791,Diferencia detectada: 49 km entre 74301 km y 74350 km,enviado,2025-10-16 14:15:23
59,Kilometraje Anómalo,CL348421,contabilidad2@arenalmanoa.com,⚠️ ALERTA: Inconsistencia de Kilometraje - Vehículo CL348421,Diferencia detectada: 2 km entre 27403 km y 27405 km,enviado,2025-10-16 14:28:16
60,Kilometraje Anómalo,CL299881,contabilidad2@arenalmanoa.com,⚠️ ALERTA: Inconsistencia de Kilometraje - Vehículo CL299881,Diferencia detectada: 111294 km entre 138718 km y 27424 km,enviado,2025-10-16 21:54:01
61,Kilometraje Anómalo,CL348421,contabilidad2@arenalmanoa.com,⚠️ ALERTA: Inconsistencia de Kilometraje - Vehículo CL348421,Diferencia detectada: 34 km entre 27424 km y 27458 km,enviado,2025-10-17 02:52:38
62,Kilometraje Anómalo,CL299881,contabilidad2@arenalmanoa.com,⚠️ ALERTA: Inconsistencia de Kilometraje - Vehículo CL299881,Diferencia detectada: 111261 km entre 27457 km y 138718 km,enviado,2025-10-17 15:17:18
63,Kilometraje Anómalo,CL292737,contabilidad2@arenalmanoa.com,⚠️ ALERTA: Inconsistencia de Kilometraje - Vehículo CL292737,Diferencia detectada: 12 km entre 137608 km y 137620 km,enviado,2025-10-17 15:27:06
64,Kilometraje Anómalo,CL299881,contabilidad2@arenalmanoa.com,⚠️ ALERTA: Inconsistencia de Kilometraje - Vehículo CL299881,Diferencia detectada: 1104 km entre 137620 km y 138724 km,enviado,2025-10-18 00:47:46
65,Kilometraje Anómalo,CL215121,contabilidad2@arenalmanoa.com,⚠️ ALERTA: Inconsistencia de Kilometraje - Vehículo CL215121,Diferencia detectada: 4 km entre 185362 km y 185366 km,enviado,2025-10-18 14:00:54
66,Kilometraje Anómalo,CL348421,contabilidad2@arenalmanoa.com,⚠️ ALERTA: Inconsistencia de Kilometraje - Vehículo CL348421,Diferencia detectada: 4 km entre 27501 km y 27505 km,enviado,2025-10-18 23:34:10
67,Kilometraje Anómalo,CL299881,contabilidad2@arenalmanoa.com,⚠️ ALERTA: Inconsistencia de Kilometraje - Vehículo CL299881,Diferencia detectada: 19 km entre 138727 km y 138746 km,enviado,2025-10-19 13:40:59
68,Kilometraje Anómalo,AB8164,contabilidad2@arenalmanoa.com,⚠️ ALERTA: Inconsistencia de Kilometraje - Vehículo AB8164,Diferencia detectada: 29 km entre 192452 km y 192481 km,enviado,2025-10-19 15:24:37
