id,email_destino,alertas_mantenimiento,alertas_polizas,alertas_rtv,alertas_revisiones,alertas_combustible,alertas_bitacora,dias_anticipacion_polizas,dias_anticipacion_rtv,dias_anticipacion_mantenimiento,km_diferencia_alerta,activo,created_at,updated_at
1,admin@arenalmanoa.com,1,1,1,1,1,1,15,20,10,5,0,2025-08-25 13:49:21,2025-08-25 13:49:21
2,contabilidad2@arenalmanoa.com,1,1,1,1,1,1,15,20,10,2,0,2025-08-25 14:43:50,2025-08-25 14:43:50
3,contabilidad2@arenalmanoa.com,1,1,1,1,1,1,15,20,10,1,0,2025-08-25 14:43:56,2025-08-25 14:43:56
4,contabilidad2@arenalmanoa.com,1,1,1,1,1,1,15,20,10,1,0,2025-08-25 15:37:13,2025-08-25 15:37:13
5,contabilidad2@arenalmanoa.com,1,1,1,1,1,1,15,20,10,1,1,2025-08-25 17:15:31,2025-08-25 17:15:31
