id,placa,chofer,fecha_salida,km_salida,nivel_combustible_salida,estado_vehiculo_salida,fecha_retorno,km_retorno,nivel_combustible_retorno,estado_vehiculo_retorno,observaciones,estado,created_at
1,AB8573,Luis Diego Sancho Vargas,2025-09-01T21:23:13.784786,57532,1/2,bueno,,,,,Raspón en la parte trasera y lateral,en_curso,2025-09-01 21:23:13
2,BLC791,Kenell,2025-09-01T21:23:13.787429,73763,3/4,excelente,,,,,Raspón en la parte trasera,en_curso,2025-09-01 21:23:13
3,C173325,Luis Diego Sancho Vargas,2025-09-01T21:57:17-06:00,74737,1/2,excelente,,,,,,en_curso,2025-09-02T07:44:41.862315-06:00
4,BLC791,Kenell,2025-09-01T21:23:13-06:00,73763,3/4,excelente,2025-09-01T21:59:10-06:00,73794,3/4,bueno,,completado,2025-09-02T07:44:41.869230-06:00
5,AB8573,Luis Diego Sancho Vargas,2025-09-01T21:23:13-06:00,57532,1/2,bueno,2025-09-01T21:43:51-06:00,57545,3/4,bueno,,completado,2025-09-02T07:44:41.870864-06:00
