{
  "export_info": {
    "timestamp": "2025-09-02T15:46:40.138260",
    "version": "1.0",
    "database_path": "/home/user/webapp/vehicular_system.db",
    "tables_count": 9
  },
  "tables": {
    "vehiculos": {
      "columns": [
        "id",
        "placa",
        "marca",
        "modelo",
        "ano",
        "color",
        "propietario",
        "poliza",
        "seguro",
        "created_at",
        "updated_at",
        "km_inicial"
      ],
      "data": [
        {
          "id": 1,
          "placa": "AB8164",
          "marca": "TOYOTA",
          "modelo": "HIACE",
          "ano": 2016,
          "color": "BLANCO",
          "propietario": "EMPRESAS TURISTICAS MANOA SOCIEDAD ANONIMA",
          "poliza": null,
          "seguro": "QUALITAS",
          "created_at": "2025-09-01 21:23:13",
          "updated_at": "2025-09-01T21:23:45.661094",
          "km_inicial": 0
        },
        {
          "id": 2,
          "placa": "AB8455",
          "marca": "TOYOTA",
          "modelo": "HIACE",
          "ano": 2023,
          "color": "BLANCO",
          "propietario": "BAC SAN JOSE LEASING SA",
          "poliza": null,
          "seguro": "INS",
          "created_at": "2025-09-01 21:23:13",
          "updated_at": "2025-09-01T21:23:45.662539",
          "km_inicial": 0
        },
        {
          "id": 3,
          "placa": "AB8573",
          "marca": "TOYOTA",
          "modelo": "HIACE",
          "ano": 2024,
          "color": "BLANCO",
          "propietario": "BAC SAN JOSE LEASING SA",
          "poliza": null,
          "seguro": "INS",
          "created_at": "2025-09-01 21:23:13",
          "updated_at": "2025-09-01T21:23:45.663190",
          "km_inicial": 0
        },
        {
          "id": 4,
          "placa": "BGK039",
          "marca": "TOYOTA",
          "modelo": "HIACE",
          "ano": 2014,
          "color": "BLANCO",
          "propietario": "EMPRESAS TURISTICAS MANOA SOCIEDAD ANONIMA",
          "poliza": null,
          "seguro": "QUALITAS",
          "created_at": "2025-09-01 21:23:13",
          "updated_at": "2025-09-01T21:23:45.664023",
          "km_inicial": 0
        },
        {
          "id": 5,
          "placa": "BKZ889",
          "marca": "TOYOTA",
          "modelo": "LAND CRUISER VX",
          "ano": 2017,
          "color": "BLANCO",
          "propietario": "3-101-796376 SOCIEDAD ANONIMA",
          "poliza": null,
          "seguro": "QUALITAS",
          "created_at": "2025-09-01 21:23:13",
          "updated_at": "2025-09-01T21:23:45.664535",
          "km_inicial": 0
        },
        {
          "id": 6,
          "placa": "BLC791",
          "marca": "TOYOTA",
          "modelo": "AVANZA",
          "ano": 2017,
          "color": "BLANCO",
          "propietario": "3-101-796376 SOCIEDAD ANONIMA",
          "poliza": null,
          "seguro": "QUALITAS",
          "created_at": "2025-09-01 21:23:13",
          "updated_at": "2025-09-01T21:23:45.664988",
          "km_inicial": 0
        },
        {
          "id": 7,
          "placa": "BNN407",
          "marca": "TOYOTA",
          "modelo": "HIACE",
          "ano": 2017,
          "color": "BLANCO",
          "propietario": "3-101-796376 SOCIEDAD ANONIMA",
          "poliza": null,
          "seguro": "QUALITAS",
          "created_at": "2025-09-01 21:23:13",
          "updated_at": "2025-09-01T21:23:45.665436",
          "km_inicial": 0
        },
        {
          "id": 8,
          "placa": "C173325",
          "marca": "RAMM",
          "modelo": "CAMION",
          "ano": 2018,
          "color": "BLANCO",
          "propietario": "EMPRESAS TURISTICAS MANOA SOCIEDAD ANONIMA",
          "poliza": null,
          "seguro": "QUALITAS",
          "created_at": "2025-09-01 21:23:13",
          "updated_at": "2025-09-01T21:23:45.665938",
          "km_inicial": 0
        },
        {
          "id": 9,
          "placa": "CL215121",
          "marca": "HYUNDAI",
          "modelo": "H-1",
          "ano": 2007,
          "color": "BLANCO",
          "propietario": "EMPRESAS TURISTICAS MANOA SOCIEDAD ANONIMA",
          "poliza": null,
          "seguro": "QUALITAS",
          "created_at": "2025-09-01 21:23:13",
          "updated_at": "2025-09-01T21:23:45.666413",
          "km_inicial": 0
        },
        {
          "id": 10,
          "placa": "CL292737",
          "marca": "TOYOTA",
          "modelo": "HILUX",
          "ano": 2017,
          "color": "BLANCO",
          "propietario": "3-101-796376 SOCIEDAD ANONIMA",
          "poliza": null,
          "seguro": "QUALITAS",
          "created_at": "2025-09-01 21:23:13",
          "updated_at": "2025-09-01T21:23:45.666874",
          "km_inicial": 0
        },
        {
          "id": 11,
          "placa": "CL299881",
          "marca": "KIA",
          "modelo": "K2700",
          "ano": 2014,
          "color": "BLANCO",
          "propietario": "EMPRESAS TURISTICAS MANOA SOCIEDAD ANONIMA",
          "poliza": null,
          "seguro": "QUALITAS",
          "created_at": "2025-09-01 21:23:13",
          "updated_at": "2025-09-01T21:23:45.667324",
          "km_inicial": 0
        },
        {
          "id": 12,
          "placa": "CL348421",
          "marca": "HINO",
          "modelo": "LY230L-HBMLS3",
          "ano": 2024,
          "color": "BLANCO",
          "propietario": "BAC SAN JOSE LEASING SA",
          "poliza": null,
          "seguro": "INS",
          "created_at": "2025-09-01 21:23:13",
          "updated_at": "2025-09-01T21:23:45.667767",
          "km_inicial": 0
        }
      ],
      "record_count": 12
    },
    "sqlite_sequence": {
      "columns": [
        "name",
        "seq"
      ],
      "data": [
        {
          "name": "mantenimientos",
          "seq": 9
        },
        {
          "name": "combustible",
          "seq": 11
        },
        {
          "name": "revisiones",
          "seq": 6
        },
        {
          "name": "polizas",
          "seq": 3
        },
        {
          "name": "rtv",
          "seq": 2
        },
        {
          "name": "config_alertas",
          "seq": 5
        },
        {
          "name": "vehiculos",
          "seq": 12
        },
        {
          "name": "bitacora",
          "seq": 5
        }
      ],
      "record_count": 8
    },
    "mantenimientos": {
      "columns": [
        "id",
        "fecha",
        "placa",
        "tipo",
        "descripcion",
        "costo",
        "kilometraje",
        "created_at",
        "proximo_km",
        "proxima_fecha"
      ],
      "data": [],
      "record_count": 0
    },
    "combustible": {
      "columns": [
        "id",
        "fecha",
        "placa",
        "litros",
        "costo",
        "kilometraje",
        "estacion",
        "created_at"
      ],
      "data": [
        {
          "id": 11,
          "fecha": "2025-09-01",
          "placa": "C173325",
          "litros": 89.77,
          "costo": 50002.0,
          "kilometraje": 74748,
          "estacion": "Registro manual - Excel import",
          "created_at": "2025-09-02T07:51:09.200038-06:00"
        }
      ],
      "record_count": 1
    },
    "revisiones": {
      "columns": [
        "id",
        "fecha",
        "placa",
        "inspector",
        "estado_motor",
        "estado_frenos",
        "estado_luces",
        "estado_llantas",
        "estado_carroceria",
        "observaciones",
        "aprobado",
        "created_at",
        "luces_delanteras",
        "luces_traseras",
        "luces_direccionales",
        "luces_freno",
        "luces_reversa",
        "espejos_laterales",
        "espejo_retrovisor",
        "limpiaparabrisas",
        "cinturones",
        "bocina",
        "nivel_combustible",
        "kilometraje"
      ],
      "data": [],
      "record_count": 0
    },
    "polizas": {
      "columns": [
        "id",
        "numero_poliza",
        "placa",
        "aseguradora",
        "fecha_inicio",
        "fecha_vencimiento",
        "tipo_cobertura",
        "estado",
        "created_at"
      ],
      "data": [],
      "record_count": 0
    },
    "rtv": {
      "columns": [
        "id",
        "numero_cita",
        "placa",
        "fecha_vencimiento",
        "estado",
        "observaciones",
        "created_at"
      ],
      "data": [],
      "record_count": 0
    },
    "bitacora": {
      "columns": [
        "id",
        "placa",
        "chofer",
        "fecha_salida",
        "km_salida",
        "nivel_combustible_salida",
        "estado_vehiculo_salida",
        "fecha_retorno",
        "km_retorno",
        "nivel_combustible_retorno",
        "estado_vehiculo_retorno",
        "observaciones",
        "estado",
        "created_at"
      ],
      "data": [
        {
          "id": 1,
          "placa": "AB8573",
          "chofer": "Luis Diego Sancho Vargas",
          "fecha_salida": "2025-09-01T21:23:13.784786",
          "km_salida": 57532,
          "nivel_combustible_salida": "1/2",
          "estado_vehiculo_salida": "bueno",
          "fecha_retorno": null,
          "km_retorno": null,
          "nivel_combustible_retorno": null,
          "estado_vehiculo_retorno": null,
          "observaciones": "Raspón en la parte trasera y lateral",
          "estado": "en_curso",
          "created_at": "2025-09-01 21:23:13"
        },
        {
          "id": 2,
          "placa": "BLC791",
          "chofer": "Kenell",
          "fecha_salida": "2025-09-01T21:23:13.787429",
          "km_salida": 73763,
          "nivel_combustible_salida": "3/4",
          "estado_vehiculo_salida": "excelente",
          "fecha_retorno": null,
          "km_retorno": null,
          "nivel_combustible_retorno": null,
          "estado_vehiculo_retorno": null,
          "observaciones": "Raspón en la parte trasera",
          "estado": "en_curso",
          "created_at": "2025-09-01 21:23:13"
        },
        {
          "id": 3,
          "placa": "C173325",
          "chofer": "Luis Diego Sancho Vargas",
          "fecha_salida": "2025-09-01T21:57:17-06:00",
          "km_salida": 74737,
          "nivel_combustible_salida": "1/2",
          "estado_vehiculo_salida": "excelente",
          "fecha_retorno": null,
          "km_retorno": null,
          "nivel_combustible_retorno": null,
          "estado_vehiculo_retorno": null,
          "observaciones": "",
          "estado": "en_curso",
          "created_at": "2025-09-02T07:44:41.862315-06:00"
        },
        {
          "id": 4,
          "placa": "BLC791",
          "chofer": "Kenell",
          "fecha_salida": "2025-09-01T21:23:13-06:00",
          "km_salida": 73763,
          "nivel_combustible_salida": "3/4",
          "estado_vehiculo_salida": "excelente",
          "fecha_retorno": "2025-09-01T21:59:10-06:00",
          "km_retorno": 73794,
          "nivel_combustible_retorno": "3/4",
          "estado_vehiculo_retorno": "bueno",
          "observaciones": "",
          "estado": "completado",
          "created_at": "2025-09-02T07:44:41.869230-06:00"
        },
        {
          "id": 5,
          "placa": "AB8573",
          "chofer": "Luis Diego Sancho Vargas",
          "fecha_salida": "2025-09-01T21:23:13-06:00",
          "km_salida": 57532,
          "nivel_combustible_salida": "1/2",
          "estado_vehiculo_salida": "bueno",
          "fecha_retorno": "2025-09-01T21:43:51-06:00",
          "km_retorno": 57545,
          "nivel_combustible_retorno": "3/4",
          "estado_vehiculo_retorno": "bueno",
          "observaciones": "",
          "estado": "completado",
          "created_at": "2025-09-02T07:44:41.870864-06:00"
        }
      ],
      "record_count": 5
    },
    "config_alertas": {
      "columns": [
        "id",
        "email_destino",
        "alertas_mantenimiento",
        "alertas_polizas",
        "alertas_rtv",
        "alertas_revisiones",
        "alertas_combustible",
        "alertas_bitacora",
        "dias_anticipacion_polizas",
        "dias_anticipacion_rtv",
        "dias_anticipacion_mantenimiento",
        "km_diferencia_alerta",
        "activo",
        "created_at",
        "updated_at"
      ],
      "data": [
        {
          "id": 1,
          "email_destino": "admin@arenalmanoa.com",
          "alertas_mantenimiento": 1,
          "alertas_polizas": 1,
          "alertas_rtv": 1,
          "alertas_revisiones": 1,
          "alertas_combustible": 1,
          "alertas_bitacora": 1,
          "dias_anticipacion_polizas": 15,
          "dias_anticipacion_rtv": 20,
          "dias_anticipacion_mantenimiento": 10,
          "km_diferencia_alerta": 5,
          "activo": 0,
          "created_at": "2025-08-25 13:49:21",
          "updated_at": "2025-08-25 13:49:21"
        },
        {
          "id": 2,
          "email_destino": "contabilidad2@arenalmanoa.com",
          "alertas_mantenimiento": 1,
          "alertas_polizas": 1,
          "alertas_rtv": 1,
          "alertas_revisiones": 1,
          "alertas_combustible": 1,
          "alertas_bitacora": 1,
          "dias_anticipacion_polizas": 15,
          "dias_anticipacion_rtv": 20,
          "dias_anticipacion_mantenimiento": 10,
          "km_diferencia_alerta": 2,
          "activo": 0,
          "created_at": "2025-08-25 14:43:50",
          "updated_at": "2025-08-25 14:43:50"
        },
        {
          "id": 3,
          "email_destino": "contabilidad2@arenalmanoa.com",
          "alertas_mantenimiento": 1,
          "alertas_polizas": 1,
          "alertas_rtv": 1,
          "alertas_revisiones": 1,
          "alertas_combustible": 1,
          "alertas_bitacora": 1,
          "dias_anticipacion_polizas": 15,
          "dias_anticipacion_rtv": 20,
          "dias_anticipacion_mantenimiento": 10,
          "km_diferencia_alerta": 1,
          "activo": 0,
          "created_at": "2025-08-25 14:43:56",
          "updated_at": "2025-08-25 14:43:56"
        },
        {
          "id": 4,
          "email_destino": "contabilidad2@arenalmanoa.com",
          "alertas_mantenimiento": 1,
          "alertas_polizas": 1,
          "alertas_rtv": 1,
          "alertas_revisiones": 1,
          "alertas_combustible": 1,
          "alertas_bitacora": 1,
          "dias_anticipacion_polizas": 15,
          "dias_anticipacion_rtv": 20,
          "dias_anticipacion_mantenimiento": 10,
          "km_diferencia_alerta": 1,
          "activo": 0,
          "created_at": "2025-08-25 15:37:13",
          "updated_at": "2025-08-25 15:37:13"
        },
        {
          "id": 5,
          "email_destino": "contabilidad2@arenalmanoa.com",
          "alertas_mantenimiento": 1,
          "alertas_polizas": 1,
          "alertas_rtv": 1,
          "alertas_revisiones": 1,
          "alertas_combustible": 1,
          "alertas_bitacora": 1,
          "dias_anticipacion_polizas": 15,
          "dias_anticipacion_rtv": 20,
          "dias_anticipacion_mantenimiento": 10,
          "km_diferencia_alerta": 1,
          "activo": 1,
          "created_at": "2025-08-25 17:15:31",
          "updated_at": "2025-08-25 17:15:31"
        }
      ],
      "record_count": 5
    }
  }
}