id,placa,marca,modelo,ano,color,propietario,poliza,seguro,created_at,updated_at,km_inicial
1,AB8164,SIN MARCA,SIN MODELO,2016,BLANCO,EMPRESAS TURISTICAS MANOA SOCIEDAD ANONIMA,,QUALITAS,2025-09-01 21:23:13,2025-09-01 21:23:13,0
2,AB8455,SIN MARCA,SIN MODELO,2023,BLANCO,BAC SAN JOSE LEASING SA,,INS,2025-09-01 21:23:13,2025-09-01 21:23:13,0
3,AB8573,SIN MARCA,SIN MODELO,2024,BLANCO,BAC SAN JOSE LEASING SA,,INS,2025-09-01 21:23:13,2025-09-01 21:23:13,0
4,BGK039,SIN MARCA,SIN MODELO,2014,BLANCO,EMPRESAS TURISTICAS MANOA SOCIEDAD ANONIMA,,QUALITAS,2025-09-01 21:23:13,2025-09-01 21:23:13,0
5,BKZ889,SIN MARCA,SIN MODELO,2017,BLANCO,3-101-796376 SOCIEDAD ANONIMA,,QUALITAS,2025-09-01 21:23:13,2025-09-01 21:23:13,0
6,BLC791,SIN MARCA,SIN MODELO,2017,BLANCO,3-101-796376 SOCIEDAD ANONIMA,,QUALITAS,2025-09-01 21:23:13,2025-09-01 21:23:13,0
7,BNN407,SIN MARCA,SIN MODELO,2017,BLANCO,3-101-796376 SOCIEDAD ANONIMA,,QUALITAS,2025-09-01 21:23:13,2025-09-01 21:23:13,0
8,C173325,SIN MARCA,SIN MODELO,2018,BLANCO,EMPRESAS TURISTICAS MANOA SOCIEDAD ANONIMA,,QUALITAS,2025-09-01 21:23:13,2025-09-01 21:23:13,0
9,CL215121,SIN MARCA,SIN MODELO,2007,BLANCO,EMPRESAS TURISTICAS MANOA SOCIEDAD ANONIMA,,QUALITAS,2025-09-01 21:23:13,2025-09-01 21:23:13,0
10,CL292737,SIN MARCA,SIN MODELO,2017,BLANCO,3-101-796376 SOCIEDAD ANONIMA,,QUALITAS,2025-09-01 21:23:13,2025-09-01 21:23:13,0
11,CL299881,SIN MARCA,SIN MODELO,2014,BLANCO,EMPRESAS TURISTICAS MANOA SOCIEDAD ANONIMA,,QUALITAS,2025-09-01 21:23:13,2025-09-01 21:23:13,0
12,CL348421,SIN MARCA,SIN MODELO,2024,BLANCO,BAC SAN JOSE LEASING SA,,INS,2025-09-01 21:23:13,2025-09-01 21:23:13,0
